project,target,configuration,hash,code,status,start,end
webapp,build,,6164705388428884804,0,success,1767027248074,1767027276122
webapp,build,,6164705388428884804,0,local-cache,1767027279323,1767027279382
webapp-emails,build,default,2879998259185998814,0,success,1767027305992,1767027310202
core,docker-create-volumes,,16919131740404807896,0,success,1767027313168,1767027313251
core,docker-create-volumes,,16919131740404807896,0,success,1767027313552,1767027313644
ssm-editor,setup,,629524382427477046,0,success,1767027313644,1767027313678
core,setup-env,,17226756135128200300,0,success,1767027313552,1767027314867
core,setup,,4593383178737594970,0,local-cache-kept-existing,1767027314868,1767027314869
webapp,setup,,3097807766334515347,0,success,1767027313553,1767027314871
@sb/backend,setup,,6032085664945953564,0,success,1767027313678,1767027314944
workers,setup,,17993182790973706109,0,success,1767027314870,1767027315653
workers,setup,,17993182790973706109,0,local-cache-kept-existing,1767027315919,1767027315948
workers,compose-build-image,,6141030880909146682,0,success,1767027315951,1767027414469
core,docker-create-volumes,,16919131740404807896,0,success,1767027311174,1767027311278
core,setup-env,,17226756135128200300,0,success,1767027311174,1767027312387
core,setup,,4593383178737594970,0,success,1767027312388,1767027313292
core,docker-compose:up,,15681374609272291124,0,success,1767027313293,1767027428290
webapp-api-client,graphql,generate-types:watch,14015776850038293267,0,success,1767027449200,1767027455491
webapp,graphql,generate-types:watch,2302078165383574716,0,success,1767027448145,1767027455534
core,docker-compose:down,,17476975445985735611,0,success,1767028968636,1767028976732
webapp-emails,build,default,167822402081384882,0,success,1767028987888,1767028992135
webapp,setup,,3097807766334515347,0,local-cache-kept-existing,1767028994420,1767028994450
ssm-editor,setup,,629524382427477046,0,local-cache-kept-existing,1767028994452,1767028994453
@sb/backend,setup,,6032085664945953564,0,local-cache-kept-existing,1767028994454,1767028994455
workers,setup,,17993182790973706109,0,local-cache-kept-existing,1767028994456,1767028994457
core,docker-create-volumes,,16919131740404807896,0,success,1767028994420,1767028994504
core,setup-env,,17226756135128200300,0,success,1767028994420,1767028995183
core,setup,,4593383178737594970,0,local-cache-kept-existing,1767028995184,1767028995184
workers,setup,,17993182790973706109,0,local-cache-kept-existing,1767028995455,1767028995486
workers,compose-build-image,,1752558604317371144,0,success,1767028995489,1767028999120
core,docker-create-volumes,,16919131740404807896,0,success,1767028993187,1767028993366
core,setup-env,,17226756135128200300,0,success,1767028993187,1767028994139
core,setup,,4593383178737594970,0,local-cache-kept-existing,1767028994139,1767028994165
core,docker-compose:up,,15681374609272291124,0,success,1767028994167,1767029011773
webapp-api-client,graphql,generate-types:watch,10665536116821578835,0,success,1767029032825,1767029039674
webapp,graphql,generate-types:watch,1733065173789704048,0,success,1767029031854,1767029039699
